--
-- Дамп базы данных `publishing_prepress`
--

INSERT INTO `books_formats` (`id`, `book_format`) VALUES
(1, '60х90/8'),
(2, '60х90/16'),
(3, '60х84/32'),
(4, '70х100/16'),
(5, '70х100/32'),
(6, '84х108/16'),
(7, '84х108/32'),
(8, '75х90/32'),
(9, '70х90/32'),
(10, '60х90/8');

INSERT INTO `books` (`id`, `title`, `book_format_id`, `authors_wishes`, `status`) VALUES
(11, 'Экономика', 2, '', 'in_archive'),
(12, 'История России', 5, '', 'in_archive'),
(13, 'Схемотехника', 5, 'Цветные вкладки', 'in_work'),
(14, 'Ботаника', 5, '', 'standing_by'),
(15, 'НиКСС № 2', 4, '', 'in_archive'),
(16, 'МСС № 1', 10, '', 'in_archive'),
(17, 'Стихи о весне', 3, '', 'standing_by'),
(18, 'Машиностроение. 2 том', 8, 'Цветные вкладки', 'in_archive'),
(19, 'Модели. Системы. Сети', 5, '', 'standing_by'),
(20, 'Высшая математика', 5, '', 'standing_by'),
(21, 'НиКСС № 1 2020', 5, '', 'in_archive'),
(22, 'НиКСС № 2 2020', 5, '', 'in_archive'),
(23, 'НиКСС № 3 2020', 5, '', 'in_archive'),
(24, 'НиКСС № 4 2020', 5, '', 'in_archive');

INSERT INTO `books_files` (`book_id`, `manuscript`, `interim_version`, `finished_version`) VALUES
(11, 'work\\Экономика_Астафьева\\Экономика', 'work\\Экономика_Астафьева\\Экономика_1', 'work\\Экономика_Астафьева\\Экономика_final'),
(12, 'work\\История_Крюкова\\История России', 'work\\История_Крюкова\\История России_1', 'work\\История_Крюкова\\История России_final'),
(13, 'work\\Ступин\\Схемотехника', 'work\\Ступин\\Схемотехника_1', ''),
(14, 'work\\Дмитриев\\Ботаника', '', ''),
(15, 'work\\ЖУРНАЛЫ\\НиКСС\\2021\\№ 2\\НиКСС 2', 'work\\ЖУРНАЛЫ\\НиКСС\\2021\\№ 2\\НиКСС 2_1', 'work\\ЖУРНАЛЫ\\НиКСС\\2021\\№ 2\\НиКСС 2_final'),
(16, 'work\\ЖУРНАЛЫ\\МСС\\2021\\№ 1\\МСС 1', 'work\\ЖУРНАЛЫ\\МСС\\2021\\№ 1\\МСС 1_1', 'work\\ЖУРНАЛЫ\\МСС\\2021\\№ 1\\МСС 1_final'),
(19, 'work\\ЖУРНАЛЫ\\Модели\\Модели', '', ''),
(17, 'work\\Стихи\\Пищук\\О весне', '', ''),
(20, 'work\\Математика Гришукова\\Математика', '', ''),
(18, 'work\\Машиностроение\\Машиностроение', 'work\\Машиностроение\\Машиностроение_1', 'work\\Машиностроение\\Машиностроение_final'),
(21, 'work\\ЖУРНАЛЫ\\НиКСС\\2020\\№ 1\\НиКСС 1', 'work\\ЖУРНАЛЫ\\НиКСС\\2020\\№ 1\\НиКСС 1_1', 'work\\ЖУРНАЛЫ\\НиКСС\\2020\\№ 1\\НиКСС 1_final'),
(22, 'work\\ЖУРНАЛЫ\\НиКСС\\2020\\№ 2\\НиКСС 2', 'work\\ЖУРНАЛЫ\\НиКСС\\2020\\№ 1\\НиКСС 2_1', 'work\\ЖУРНАЛЫ\\НиКСС\\2020\\№ 1\\НиКСС 2_final'),
(23, 'work\\ЖУРНАЛЫ\\НиКСС\\2020\\№ 3\\НиКСС 3', 'work\\ЖУРНАЛЫ\\НиКСС\\2020\\№ 3\\НиКСС 3_1', 'work\\ЖУРНАЛЫ\\НиКСС\\2020\\№ 3\\НиКСС 3_final'),
(24, 'work\\ЖУРНАЛЫ\\НиКСС\\2020\\№ 4\\НиКСС 4', 'work\\ЖУРНАЛЫ\\НиКСС\\2020\\№ 4\\НиКСС 4_1', 'work\\ЖУРНАЛЫ\\НиКСС\\2020\\№ 4\\НиКСС 4_final');

INSERT INTO `staff_positions` (`id`, `position`) VALUES
(1, 'Верстка'),
(2, 'Редактор'),
(3, 'Корректор'),
(4, 'Гл. редактор');

INSERT INTO `staff` (`id`, `surname`, `firstname`, `position_id`) VALUES
(1, 'Иванов', 'Иван', 1),
(2, 'Петрова', 'Анастасия', 1),
(3, 'Ермаков', 'Сергей', 1),
(4, 'Спиридонов', 'Анатолий', 2),
(5, 'Мухина', 'Елена', 2),
(6, 'Осипова', 'Ирина', 2),
(7, 'Акзамов', 'Ринат', 3),
(8, 'Веденеева', 'Ольга', 3),
(9, 'Губерниев', 'Дмитрий', 3),
(10, 'Макарова', 'Марина', 4);

INSERT INTO `production` (`id`, `book_id`, `staff_id`) VALUES
(1, 11, 1),
(2, 11, 4),
(3, 11, 7),
(4, 12, 2),
(5, 12, 5),
(6, 12, 8),
(7, 13, 3),
(8, 13, 6),
(9, 15, 1),
(10, 15, 5),
(11, 15, 9),
(12, 15, 10);

INSERT INTO `deadlines` (`production_id`, `start_date`, `interim_date`, `finish_date`) VALUES
(1, '2021-04-04', '2021-04-11', '2021-04-30'),
(2, '2021-04-11', '2021-04-25', '2021-05-16'),
(3, '2021-04-04', '2021-04-12', '2021-04-29'),
(4, '2021-07-25', '2021-07-31', '2021-08-15'),
(5, '2021-07-18', '2021-07-30', '2021-08-22'),
(6, '2021-07-04', '2021-07-18', '2021-07-29'),
(7, '2021-08-31', NULL, NULL),
(8, '2021-09-05', NULL, NULL),
(9, '2021-03-14', '2021-04-01', '2021-05-02'),
(10, '2021-03-21', '2021-04-20', '2021-04-30'),
(11, '2021-03-21', NULL, '2021-04-30'),
(12, NULL, NULL, '2021-05-16');

INSERT INTO `authors` (`id`, `surname`, `name`, `middlename`, `phone`, `email`) VALUES
(1, 'Спиренков', 'Максим', 'Александрович', 88520265899, 'spir_max@mail.com'),
(2, 'Осипова', 'Елена', 'Евгеньевна', 89520215329, 'osipe45@fr.com'),
(3, 'Дмитриев', 'Андрей', 'Васильевич', 89260265212, 'dim_av12@mails.ru'),
(4, 'Астафьева', 'Ольга', 'Ивановна', 89261235701, 'a_olga57@email.com'),
(5, 'Петров', 'Андрей', 'Сергеевич', 89220265811, 'petro34@mail.com'),
(6, 'Гришукова', 'Светлана', 'Филипповна', 82520235819, 'grisveta1@mails.net'),
(7, 'Пищук', 'Тимофей', 'Евграфович', 89220165423, 'pitim00@mail.net'),
(8, 'Миронов', 'Константин', 'Елизарович', 89120135123, 'mir_konst@net.mail'),
(9, 'Долгов', 'Павел', 'Сергеевич', 89260125009, 'dolg_pavel@mails.net'),
(10, 'Крюкова', 'Марина', 'Александровна', 89110165987, 'kru34@mail.com'),
(11, 'Куликова', 'Анастасия', 'Федоровна', 89990161422, NULL),
(12, 'Тимофеева', 'Ольга', 'Ивановна', 89231235005, 'timolga@mail.com'),
(13, 'Ступин', 'Вячеслав', 'Олегович', 89200165665, 'stu_v45@m.ru'),
(14, 'Кутузов', 'Антон', 'Михайлович', 89212002211, NULL),
(16, 'Коллектив авторов', '', '', NULL, NULL);

INSERT INTO `books_authors` (`book_id`, `author_id`) VALUES
(11, 4),
(11, 5),
(12, 10),
(15, 16),
(19, 16),
(16, 16),
(14, 3),
(20, 6),
(20, 12),
(13, 13),
(17, 7),
(21, 16),
(22, 16),
(23, 16),
(24, 16);

INSERT INTO `output_information` (`book_id`, `ISBN_or_ISSN`, `order_number`, `publication_year`, `conv-print_sheets`, `publishing_sheets`) VALUES
(11, 9785907456721, 345, 2021, '14.12', '12.87'),
(12, 9785907456251, 301, 2021, '18.28', '14.17'),
(15, 1235907456721, 140, 2021, '10.16', '9.04'),
(16, 3455701434711, 158, 2021, '13.07', '11.78'),
(18, 9785907431005, 267, 2021, '7.89', '6.12'),
(21, 1235907456721, 109, 2020, '12.28', '10.78'),
(22, 1235907456721, 246, 2020, '13.56', '12.08'),
(23, 1235907456721, 478, 2020, '15.17', '13.67'),
(24, 1235907456721, 897, 2020, '9.89', '8.34');

INSERT INTO `profiles` (`id`, `staff_id`, `date_of_birth`, `education`, `started_at`, `address`) VALUES
(1, 2, '2000-06-08', 'Высшее', '2019-07-05', 'г. Пенза, ул. Луначарского, 34, 3'),
(2, 4, '2000-07-19', 'Высшее', '2020-04-13', 'г. Пенза, ул. Лермонтова, 43, 123'),
(3, 10, '1988-05-12', 'Высшее', '2015-08-12', 'г. Пенза, ул. М. Горького, 4, 233'),
(4, 8, '2001-06-12', 'Высшее', '2011-08-12', 'г. Пенза, ул. Красная, 12, 2'),
(5, 9, '1989-03-28', 'Высшее', '2001-11-03', 'г. Пенза, ул. Пушкина, 124, 23'),
(6, 5, '1999-08-15', 'Высшее', '2012-09-12', 'г. Пенза, пр. Победы, 1, 221'),
(7, 1, '1989-02-12', 'Высшее', '2001-11-03', 'г. Пенза, ул. Карпинского, 16, 234'),
(8, 6, '2001-07-19', 'Высшее', '2020-06-13', 'г. Пенза, ул. Лермонтова, 13, 127'),
(9, 3, '1989-09-17', 'Высшее', '2015-12-12', 'г. Пенза, ул. Пушкина, 12, 2'),
(10, 7, '2000-09-21', 'Высшее', '2021-04-13', 'г. Пенза, ул. Красная, 124, 22');